vocab_id,german,english
1,seits,hand
2,Zimmer,room
3,berühren,touch
4,arm,poor
5,Erde,planet
6,Thema,subject
7,Moment,moment
8,Bewegung,motion
9,Jahrhundert,century
10,Versorgung,supply
11,Entwurf,design
12,Erfahrung,experience
13,besitzen,own
14,sammeln,collect
15,Stamm,master
16,schwer,heavy
17,zweite,second
18,sonst,else
19,Karte,map
20,erfordern,require
21,Insel,island
22,Kuh,cow
23,Spiel,match
24,hinter,behind
25,verbinden,connect
26,Krawatte,tie
27,wenn,when
28,buchstabieren,spell
29,froh,glad
30,weiß,white
31,glücklich,happy
32,Frau,woman
33,so,thus
34,wollen,want
35,milch,milk
36,könnte,could
37,Kontinent,continent
38,Typ,type
39,fühlen,feel
40,sitzen,sit
41,Zeichen,symbol
42,regen,rain
43,machen,make
44,Abend,evening
45,Schlaf,sleep
46,Stein,stone
47,erlauben,allow
48,Idee,idea
49,Schreiben,letter
50,mischen,mix
51,haben,have
52,füllen,fill
53,Familie,family
54,nur,just
55,sehen,see
56,dezimal,decimal
57,gefunden,found
58,Material,material
59,Beginn,start
60,Anlage,plant
61,Kraft,force
62,sie,her
63,essen,eat
64,dies,this
65,Beispiel,example
66,Dampf,steam
67,plötzlich,sudden
68,Strom,current
69,begann,began
70,Linie,line
71,kaufen,buy
72,Schuh,shoe
73,muss,must
74,Tür,door
75,Ende,end
76,Zustand,condition
77,erscheinen,appear
78,Gedicht,poem
79,zustimmen,agree
80,vorbereiten,prepare
81,König,king
82,deren,whose
83,sicher,safe
84,Antriebs,drive
85,richtig,proper
86,schleppend,slow
87,groß,great
88,abweichen,differ
89,Glocke,bell
90,hundert,hundred
91,tragen,bear
92,dienen,serve
93,für,for
94,ist,is
95,Fehl,miss
96,beschäftigt,busy
97,Seite,side
98,schaffen,create
99,Lied,song
100,Baumwolle,cotton
101,doppelt,double
102,Maßstab,scale
103,Hinweis,notice
104,Kreis,circle
105,fünf,five
106,vor,ago
107,Bit,bit
108,unter,under
109,vielleicht,perhaps
110,Dame,lady
111,betrachten,consider
112,Dreieck,triangle
113,Kopf,head
114,sparen,save
115,wird nicht,won’t
116,Boden,ground
117,ob,whether
118,neun,nine
119,gemeinsam,common
120,besser,better
121,Fledermaus,bat
122,Weg,way
123,umfassen,include
124,Größe,size
125,mais,corn
126,ganze,whole
127,früh,early
128,Kinder,children
129,möglich,possible
130,einige,some
131,sehr,very
132,küken,chick
133,beitreten,join
134,Einzel,single
135,durch,through
136,beide,both
137,ging,went
138,vergleichen,compare
139,Umzug,move
140,trennen,separate
141,Salz,salt
142,Hauptstadt,capital
143,Achtung,danger
144,Land,country
145,gehalten,kept
146,ihm,him
147,Akt,act
148,Bruder,brother
149,Wörterbuch,dictionary
150,Baum,tree
151,gut,good
152,Falte,crease
153,steigen,rise
154,wählen,select
155,Vergangenheit,past
156,Soldat,soldier
157,Spalte,column
158,Filz,felt
159,ja,yes
160,Mittag,noon
161,von,of
162,malen,paint
163,geöffnet,open
164,brennen,burn
165,Hälfte,half
166,heiß,hot
167,Markt,market
168,üblich,usual
169,noch,still
170,Alter,age
171,merken,remember
172,mir,me
173,Pfund,pound
174,Feld,field
175,hören,hear
176,Objekt,object
177,Vogel,bird
178,Schrei,shout
179,ruhig,quiet
180,warme,warm
181,Atom,atom
182,gebracht,brought
183,Rekord,record
184,Druck,print
185,Schritt,step
186,lösen,solve
187,gekauft,bought
188,Reise,travel
189,links,left
190,Stück,piece
191,halten,keep
192,alt,old
193,ziehen,draw
194,Menge,lot
195,Lachen,laugh
196,Welle,wave
197,Haar,hair
198,laufen,run
199,gehen,go
200,wusste,knew
201,Magnet,magnet
202,Nomen,noun
203,nie,never
204,Sprache,language
205,erwarten,expect
206,jetzt,now
207,Sklave,slave
208,Öl,oil
209,Lande,land
210,viele,many
211,führen,guide
212,am meisten,most
213,Messe,fair
214,Sonne,sun
215,Wasser,water
216,hinzufügen,add
217,Wirkung,effect
218,Akkord,chord
219,fähig,able
220,abhängen,depend
221,Aufzug,lift
222,nahm,took
223,Katze,cat
224,gewinnen,win
225,Schnur,string
226,Stretch,stretch
227,Zeit,period
228,sollte,should
229,tot,dead
230,Verbum,verb
231,Wolke,cloud
232,Klasse,class
233,Rad,wheel
234,Kopie,copy
235,dunkel,dark
236,seltsam,strange
237,Stunde,hour
238,dick,thick
239,Zug,train
240,See,lake
241,verlassen,leave
242,hoch,high
243,Gruppe,group
244,Freund,friend
245,neu,new
246,geführt,led
247,Leiste,bar
248,lassen,let
249,erhöhen,raise
250,Wert,value
251,nichts,nothing
252,vertreten,represent
253,Reihe,row
254,Stick,stick
255,Teilung,division
256,wie,how
257,finden,find
258,apfel,apple
259,Rennen,race
260,bis,until
261,Segment,segment
262,Mitte,middle
263,Energie,energy
264,Ei,egg
265,liebe,dear
266,zu,too
267,betreiben,operate
268,fliegen,fly
269,wuchs,grew
270,sagte,told
271,wird,shall
272,Schönheit,beauty
273,Wald,forest
274,auch,also
275,breit,broad
276,Original,original
277,selbst,self
278,als,than
279,ein,one
280,Wärme,heat
281,auf,on
282,Rand,edge
283,Oberfläche,surface
284,Tal,valley
285,stehen,stand
286,allgemein,general
287,klingen,sound
288,Dorf,village
289,sieben,seven
290,zeigen,show
291,vorhanden,present
292,fallen,drop
293,wilden,wild
294,ziemlich,pretty
295,Vater,father
296,Begriff,term
297,Haus,house
298,Fang,catch
299,schnell,quick
300,Formular,form
301,ängstlich,afraid
302,hell,bright
303,Schiene,rail
304,diejenigen,those
305,Tonhöhe,pitch
306,entfernt,distant
307,niedrig,low
308,Gesicht,face
309,Grad,degree
310,sagen,say
311,Himmel,sky
312,treffen,hit
313,Ärger,trouble
314,still,silent
315,Kunst,art
316,erraten,guess
317,Obst,fruit
318,erste,first
319,Sohn,son
320,fließen,flow
321,Verfahren,method
322,Garten,garden
323,Angst,fear
324,bei,at
325,Pflege,care
326,auftreten,occur
327,zwanzig,twenty
328,Westen,west
329,Wissenschaft,science
330,Mine,mine
331,sanft,gentle
332,gesendet,sent
333,Brot,bread
334,Hals,neck
335,Finale,final
336,Sie,you
337,Plan,plan
338,eher,rather
339,Suche,search
340,einfach,simple
341,Boot,boat
342,statt,stead
343,Flüssigkeit,liquid
344,Rutsch,slip
345,Herz,heart
346,Molekül,molecule
347,Studie,study
348,Wort,word
349,Licht,light
350,Abdeckung,cover
351,Stahl,steel
352,alle,all
353,jeder,every
354,wenige,few
355,tausend,thousand
356,Anzahl,number
357,Motor,engine
358,Zuhause,home
359,Person,person
360,Ernte,crop
361,Vokal,vowel
362,Lastwagen,truck
363,drei,three
364,Jagd,hunt
365,Form,shape
366,Recht,right
367,nach unten,down
368,bleiben,stay
369,zehn,ten
370,Rolle,roll
371,Eisen,iron
372,Fraktion,fraction
373,bekam,got
374,Bauernhof,farm
375,Vorbei,gone
376,Rings,ring
377,genug,enough
378,nach,after
379,schwarz,black
380,Osten,east
381,entscheiden,decide
382,Metall,metal
383,Band,band
384,Fleisch,meat
385,Fett,fat
386,schlecht,bad
387,falsch,wrong
388,Stadt,city
389,weit,far
390,Name,name
391,Norden,north
392,Schule,school
393,Loch,hole
394,note,note
395,Paar,pair
396,die,who
397,Knochen,bone
398,insekt,insect
399,genau,exact
400,insbesondere,especially
401,Konsonant,consonant
402,Samen,seed
403,Geschichte,story
404,warum,why
405,zusammen,together
406,zwischen,between
407,erfinden,invent
408,über,over
409,Junge,boy
410,reich,rich
411,Schüler,student
412,Mann,man
413,Glas,glass
414,uns,us
415,Bild,picture
416,berühmt,famous
417,Leben,life
418,stark,strong
419,Tabelle,table
420,viel,deal
421,Industrie,industry
422,wiederum,turn
423,Grund,reason
424,Wiederholung,repeat
425,werfen,throw
426,müssen,need
427,während,while
428,Geschäft,shop
429,Farbe,color
430,Haupt-,main
431,beobachten,observe
432,gleich,same
433,unterlassen Sie,don’t
434,dünn,thin
435,Schulter,shoulder
436,Orgel,organ
437,ente,duck
438,Ozean,ocean
439,Schlag,blow
440,werden,will
441,Speiche,spoke
442,Partitur,score
443,berg,mountain
444,letzte,last
445,Firma,company
446,springen,jump
447,sa,sat
448,einreiben,rub
449,gefangen,caught
450,Handel,trade
451,Einheit,unit
452,Zorn,anger
453,Masse,mass
454,überqueren,cross
455,besondere,special
456,legen,lay
457,Blut,blood
458,Blick,sight
459,Basis,base
460,acht,eight
461,Quotient,quotient
462,modernen,modern
463,Koch,cook
464,Sauerstoff,oxygen
465,Elementes,element
466,Menschen,people
467,Büro,office
468,lesen,read
469,oh,oh
470,Ort,place
471,Front,front
472,wahrscheinlich,probable
473,dann,then
474,Macht,power
475,Gedanken,thought
476,Feind,enemy
477,Zelle,cell
478,lernen,learn
479,Problem,problem
480,Arbeit,job
481,Flügel,wing
482,Ufer,shore
483,Frage,question
484,Wunder,wonder
485,Gras,grass
486,Chef,chief
487,eingeben,enter
488,Unterstützung,support
489,Nation,nation
490,einmal,once
491,weich,soft
492,Werkzeug,tool
493,Pistole,gun
494,laut,loud
495,Tatsache,fact
496,warten,wait
497,kam,came
498,Mädchen,girl
499,Arzt,doctor
500,gehört,heard
501,Chance,chance
502,nach oben,up
503,Lüge,lie
504,Verwendung,use
505,zahlen,pay
506,kleiden,clothe
507,Wurzel,root
508,diskutieren,discuss
509,Körper,body
510,zurück,back
511,Kasten,box
512,schwierig,difficult
513,Melodie,melody
514,bald,soon
515,Musik,music
516,Saison,season
517,Wand,wall
518,Antwort,answer
519,schrieb,wrote
520,sein,be
521,Materie,matter
522,können,can
523,Sache,thing
524,begeistern,excite
525,Buch,book
526,schlagen,beat
527,Absatz,paragraph
528,vorschlagen,suggest
529,Raum,space
530,Fenster,window
531,Überraschung,surprise
532,mehr,more
533,andere,other
534,Speicher,store
535,Auto,car
536,Pose,pose
537,wenig,little
538,Regel,rule
539,schwimmen,swim
540,Fahrt,ride
541,getan,done
542,pleite,broke
543,Frühling,spring
544,Tanz,dance
545,Berg,mount
546,bedeuten,mean
547,bieten,provide
548,Gesetz,law
549,Frauen,women
550,produzieren,produce
551,Woche,week
552,Mantel,coat
553,Dauer,length
554,Satz,sentence
555,Hafen,port
556,Nacht,night
557,Zoll,inch
558,passieren,happen
559,Mond,moon
560,gewesen,been
561,Funk,radio
562,bauen,build
563,erhalten,get
564,wo,where
565,Block,block
566,Marke,mark
567,Ohr,ear
568,Suffix,suffix
569,braun,brown
570,Veränderung,change
571,vier,four
572,System,system
573,aus,out
574,Mensch,human
575,gerade,straight
576,glauben,believe
577,Blatt,sheet
578,einsam,lone
579,Meile,mile
580,variieren,vary
581,Reifen,tire
582,tat,did
583,Natur,nature
584,bestellen,order
585,beste,best
586,goldenen,gold
587,Veranstaltung,event
588,Partei,party
589,er,he
590,Prüfung,test
591,blau,blue
592,wahr,true
593,Prozess,process
594,Mannschaft,team
595,singen,sing
596,vorstellen,imagine
597,hat,has
598,Interesse,interest
599,riesig,huge
600,Bitte,please
601,Morgen,morning
602,gelb,yellow
603,Lächeln,smile
604,Futtermittel,feed
605,antworten,reply
606,direkt,direct
607,Million,million
608,Pferd,horse
609,gesamt,total
610,ich,I
611,oben,above
612,Ton,tone
613,ankommen,arrive
614,fiel,fell
615,Uhr,am
616,klein,small
617,Segel,sail
618,Zucker,sugar
619,Gebiss,teeth
620,Versuch,experiment
621,Lärm,noise
622,rot,red
623,Wetter,weather
624,Ursache,cause
625,Kolonie,colony
626,Freude,joy
627,Vortrag,talk
628,nächste,next
629,Silbe,syllable
630,überprüfen,check
631,Presse,press
632,Fluss,river
633,obere,top
634,Abbildung,figure
635,Lebensmittel,food
636,Liste,list
637,Position,position
638,Schließen,close
639,pflücken,pick
640,Füße,feet
641,Mutter,mother
642,Auge,eye
643,Sand,sand
644,Kontrolle,control
645,Runde,round
646,schützen,protect
647,Schiff,ship
648,scheinen,seem
649,Zentrum,center
650,Krieg,war
651,Kälte,cold
652,Getränk,drink
653,voll,full
654,Küste,coast
655,Maschine,machine
656,dritte,third
657,Kleid,dress
658,was,what
659,Angebot,offer
660,verloren,lost
661,bestimmen,determine
662,empfangen,receive
663,Finger,finger
664,Geld,money
665,aufladen,charge
666,Straße,road
667,erforderlich,necessary
668,arrangieren,arrange
669,Region,region
670,erreichen,reach
671,entweder,either
672,Zweig,branch
673,scharf,sharp
674,Papa,dad
675,Hügel,hill
676,Elternteil,parent
677,Stelle,spot
678,stand,stood
679,zählen,count
680,Besuch,visit
681,Monat,month
682,am wenigsten,least
683,Augenblick,instant
684,Seil,rope
685,Board,board
686,folgen,follow
687,Kapitän,captain
688,Mund,mouth
689,subtrahieren,subtract
690,Bereich,area
691,Dollar,dollar
692,Sinn,sense
693,regeln,settle
694,Platz,square
695,Anruf,call
696,senden,send
697,Wohnung,flat
698,Quart,quart
699,hatte,had
700,oft,often
701,Holz,wood
702,wieder,again
703,gegen,against
704,gemacht,made
705,Start,begin
706,Schnee,snow
707,Tag,day
708,Instrument,instrument
709,grün,green
710,Verbreitung,spread
711,waren,were
712,messen,measure
713,Meer,sea
714,Fall,case
715,Schwanz,tail
716,Nase,nose
717,Papier,paper
718,Praxis,practice
719,mehrere,several
720,blume,flower
721,Aufstieg,climb
722,trocken,dry
723,frisch,fresh
724,Bett,bed
725,Bank,bank
726,gemeint,meant
727,Lösung,solution
728,träumen,dream
729,tun,do
730,sechs,six
731,meine,my
732,oder,or
733,geben,give
734,und,and
735,würde,would
736,Silber,silver
737,bringen,bring
738,Punkt,point
739,Gewicht,weight
740,kurz,short
741,Cent,cent
742,verkaufen,sell
743,Arm,arm
744,klar,clear
745,drücken,push
746,ganz,quite
747,elektrisch,electric
748,Hand,held
749,Wasch,wash
750,begünstigen,favor
751,Rohr,tube
752,Aktie,share
753,Bein,leg
754,ihre,their
755,Teil,part
756,Übung,exercise
757,Hut,hat
758,Stern,star
759,Geschwindigkeit,speed
760,hier,here
761,sterben,die
762,dass,that
763,Schale,shell
764,Stuhl,chair
765,Fuß,foot
766,schreiben,write
767,diese,these
768,Muster,pattern
769,Eis,ice
770,winzig,tiny
771,Anspruch,claim
772,Hilfe,help
773,ähnlich,similar
774,mehreren,plural
775,kostenlos,free
776,lokalisieren,locate
777,lehren,teach
778,leben,live
779,Winter,winter
780,außer,except
781,Abschnitt,section
782,natürlich,natural
783,Feuer,fire
784,Flugzeug,plane
785,regieren,govern
786,stiegen,rose
787,tut,does
788,suchen,look
789,Jahr,year
790,fortsetzen,continue
791,gab,gave
792,verbringen,spend
793,gleichsetzen,equate
794,Schwester,sister
795,Wind,wind
796,Produkt,product
797,Kind,child
798,in der Nähe von,near
799,Gases,gas
800,hoffen,hope
801,Stimme,voice
802,Glanz,shine
803,jung,young
804,weniger,less
805,Kugel,ball
806,Ebene,level
807,töten,kill
808,Substanz,substance
809,sind,are
810,vollständig,complete
811,Säge,saw
812,Spaß,fun
813,Kluft,divide
814,je,ever
815,fragen,ask
816,bereit,ready
817,war,was
818,Schnitt,cut
819,Station,station
820,Ergebnis,result
821,kühlen,cool
822,kommen,come
823,Ausdruck,phrase
824,mit,with
825,wissen,know
826,Schlüssel,key
827,geschrieben,written
828,Tod,death
829,Kampf,fight
830,zwei,two
831,Hof,yard
832,erleichtern,ease
833,es,it
834,lief,ran
835,Süden,south
836,Wüste,desert
837,geboren,born
838,Geruch,smell
839,Rest,rest
840,besiedeln,populate
841,Rede,speech
842,Draht,wire
843,Fisch,fish
844,Minute,minute
845,Geist,mind
846,da,there
847,sprechen,speak
848,spielen,play
849,Haut,skin
850,seine,his
851,Kurs,course
852,spät,late
853,Sitz,seat
854,denken,think
855,Dur,major
856,wachsen,grow
857,beweisen,prove
858,obwohl,though
859,Temperatur,temperature
860,Lager,camp
861,Anzug,suit
862,Zahl,numeral
863,Stopp,stop
864,Erfolg,success
865,Nachbar,neighbor
866,Charakter,character
867,unsere,our
868,nehmen,take
869,danken,thank
870,Luft,air
871,tief,deep
872,Gegenteil,opposite
873,lange,long
874,protokollieren,log
875,passen,fit
876,seit,since
877,Männer,men
878,realen,real
879,Pause,break
880,setzen,put
881,Sommer,summer
882,Ihre,your
883,Liebe,love
884,Art,kind
885,multiplizieren,multiply
886,Immobilien,property
887,Finish,finish
888,Hund,dog
889,versuchen,try
890,beschreiben,describe
891,Welt,world
892,wünschen,wish
893,Geschicklichkeit,skill
894,fein,fine
895,aber,but
896,immer,always
897,Spur,track
898,wir,we
899,grau,gray
900,enthalten,contain
901,Eile,hurry
902,Ecke,corner
903,Tier,animal
904,Kosten,cost
905,vorwärts,forward
906,sauber,clean
907,Feige,fig
908,nicht,no
909,entwickeln,develop
